"","P1","P2","P3","P4","P5","P6","P7","P8","P9","P10","P11","P12","P13","P14","P15","P16"
"1",8,6,4,NA,NA,NA,NA,NA,4,6,NA,NA,NA,NA,NA,9
"2",8,NA,9,NA,NA,NA,NA,NA,6,NA,NA,7,NA,7,NA,5
"3",NA,NA,7,NA,7,NA,6,8,NA,NA,NA,8,NA,NA,7,NA
"4",NA,9,NA,NA,NA,9,6,NA,4,NA,NA,4,NA,NA,NA,8
"5",7,NA,NA,NA,NA,6,NA,NA,NA,NA,3,NA,NA,5,8,8
"6",NA,9,NA,NA,8,NA,7,8,NA,7,NA,NA,8,NA,NA,NA
"7",9,NA,7,NA,NA,NA,8,8,6,NA,NA,NA,NA,8,NA,NA
"8",6,6,NA,NA,6,8,7,NA,NA,NA,8,NA,NA,NA,NA,NA
"9",NA,NA,8,NA,NA,NA,NA,NA,NA,7,NA,7,NA,4,8,6
"10",NA,NA,NA,NA,NA,NA,NA,8,NA,4,NA,8,7,NA,9,6
"11",NA,NA,NA,NA,7,2,7,8,NA,NA,4,NA,7,NA,NA,NA
"12",7,NA,6,NA,7,NA,4,NA,2,8,NA,NA,NA,NA,NA,NA
"13",NA,1,NA,NA,NA,NA,NA,7,NA,8,3,NA,1,NA,NA,8
"14",NA,7,NA,6,4,8,NA,NA,NA,NA,6,NA,7,NA,NA,NA
"15",6,NA,NA,NA,4,NA,NA,7,NA,6,6,NA,NA,NA,6,NA
"16",2,2,7,NA,NA,9,NA,NA,NA,NA,NA,NA,NA,8,NA,8
"17",NA,8,NA,5,NA,NA,NA,NA,4,4,NA,7,NA,NA,NA,6
"18",7,NA,9,NA,2,NA,NA,NA,NA,6,NA,NA,8,NA,NA,7
"19",NA,NA,NA,7,7,8,NA,7,NA,NA,NA,NA,3,4,NA,NA
"20",4,7,7,7,NA,8,NA,NA,NA,NA,6,NA,NA,NA,NA,NA
"21",NA,NA,NA,NA,3,NA,NA,7,3,3,NA,4,6,NA,NA,NA
"22",4,NA,8,NA,4,NA,NA,9,NA,NA,6,NA,NA,NA,7,NA
"23",NA,NA,NA,8,8,6,NA,NA,7,7,NA,NA,NA,NA,8,NA
"24",7,NA,8,NA,8,8,7,NA,6,NA,NA,NA,NA,NA,NA,NA
"25",NA,NA,NA,NA,NA,NA,6,8,8,NA,NA,8,9,NA,NA,6
"26",7,NA,7,NA,7,NA,NA,7,NA,NA,NA,6,NA,NA,NA,6
"27",NA,6,NA,2,NA,NA,NA,NA,6,NA,5,8,NA,3,NA,NA
"28",NA,NA,NA,4,7,NA,NA,4,NA,NA,7,NA,8,7,NA,NA
"29",5,NA,9,NA,7,NA,4,8,NA,NA,NA,6,NA,NA,NA,NA
"30",NA,NA,8,NA,4,NA,7,6,NA,NA,NA,NA,NA,2,4,NA
"31",7,NA,NA,6,NA,9,NA,8,4,NA,NA,NA,NA,8,NA,NA
"32",NA,NA,NA,6,NA,NA,6,8,4,7,NA,NA,7,NA,NA,NA
"33",NA,9,NA,7,NA,8,NA,NA,6,7,4,NA,NA,NA,NA,NA
"34",NA,1,NA,NA,NA,8,7,NA,NA,NA,1,NA,NA,NA,7,9
"35",6,NA,5,NA,NA,NA,NA,NA,NA,5,NA,NA,NA,3,8,5
"36",NA,4,NA,7,NA,NA,NA,NA,NA,8,NA,5,7,NA,8,NA
"37",NA,NA,NA,NA,7,9,NA,NA,NA,8,NA,NA,NA,6,7,7
"38",7,NA,NA,4,NA,NA,NA,7,NA,NA,3,NA,5,8,NA,NA
"39",7,9,NA,NA,NA,8,NA,NA,NA,NA,5,NA,NA,NA,6,3
"40",NA,NA,NA,NA,NA,7,6,8,NA,NA,NA,NA,4,NA,3,5
"41",NA,5,NA,NA,7,NA,8,NA,NA,3,NA,8,5,NA,NA,NA
"42",NA,NA,NA,NA,8,8,NA,NA,NA,4,NA,8,6,NA,NA,7
"43",NA,4,NA,7,NA,9,NA,7,4,NA,7,NA,NA,NA,NA,NA
"44",1,NA,8,NA,NA,7,8,NA,NA,NA,NA,NA,NA,1,9,NA
"45",NA,NA,8,6,NA,NA,NA,8,6,7,NA,NA,NA,7,NA,NA
"46",NA,NA,NA,NA,7,7,NA,NA,4,NA,NA,5,8,NA,NA,8
"47",2,7,3,NA,6,NA,5,NA,NA,2,NA,NA,NA,NA,NA,NA
"48",8,3,NA,NA,NA,NA,NA,8,NA,NA,8,NA,NA,NA,7,7
"49",6,3,NA,7,NA,NA,NA,NA,NA,8,6,NA,3,NA,NA,NA
"50",7,7,NA,NA,NA,7,NA,NA,NA,NA,4,NA,6,NA,NA,6
"51",NA,NA,NA,NA,NA,9,NA,NA,NA,6,NA,7,NA,9,8,7
"52",NA,NA,8,NA,8,NA,NA,NA,NA,NA,NA,6,NA,7,8,8
"53",NA,3,NA,6,NA,NA,NA,NA,2,NA,7,7,NA,NA,2,NA
"54",NA,8,NA,7,NA,NA,NA,8,6,8,NA,NA,4,NA,NA,NA
"55",NA,NA,NA,NA,NA,NA,5,8,NA,NA,NA,7,NA,2,6,6
"56",8,NA,8,NA,NA,9,NA,NA,NA,NA,NA,6,NA,6,NA,6
"57",NA,9,NA,7,NA,NA,NA,NA,NA,7,NA,9,NA,6,8,NA
"58",4,NA,NA,7,NA,NA,NA,8,NA,NA,3,NA,NA,4,7,NA
"59",4,NA,5,NA,NA,6,2,NA,NA,6,NA,NA,NA,NA,6,NA
"60",4,NA,NA,NA,NA,7,NA,NA,3,6,NA,NA,NA,4,NA,8
"61",NA,NA,NA,NA,8,9,8,7,NA,NA,4,NA,5,NA,NA,NA
"62",6,NA,6,NA,NA,8,5,NA,3,NA,NA,NA,NA,2,NA,NA
"63",NA,NA,NA,6,NA,NA,NA,NA,4,NA,NA,7,7,4,NA,7
"64",NA,9,NA,NA,NA,9,NA,NA,NA,6,NA,7,9,NA,8,NA
"65",NA,NA,NA,4,NA,7,3,6,NA,NA,NA,NA,NA,7,5,NA
"66",NA,NA,NA,NA,NA,8,5,NA,NA,NA,NA,7,NA,7,6,6
"67",9,8,NA,NA,NA,NA,NA,NA,NA,NA,8,8,7,NA,NA,9
"68",NA,NA,NA,NA,NA,5,4,6,5,NA,NA,NA,NA,4,NA,3
"69",7,7,7,NA,NA,NA,5,NA,8,NA,NA,NA,NA,NA,NA,8
"70",4,8,7,NA,NA,NA,NA,7,NA,NA,8,NA,NA,NA,8,NA
"71",NA,4,NA,NA,7,8,NA,NA,NA,NA,2,NA,NA,NA,6,5
"72",8,7,6,NA,NA,NA,NA,NA,NA,NA,7,NA,6,NA,NA,5
"73",NA,NA,7,NA,NA,NA,NA,NA,NA,NA,4,6,NA,7,7,3
"74",NA,3,NA,NA,NA,6,2,NA,NA,NA,NA,6,NA,5,4,NA
"75",NA,NA,NA,NA,7,8,NA,7,NA,8,NA,NA,NA,7,7,NA
"76",3,NA,6,NA,NA,NA,NA,2,NA,3,NA,NA,NA,3,NA,2
"77",7,8,8,NA,7,NA,NA,NA,NA,8,NA,NA,NA,NA,NA,7
"78",NA,NA,NA,6,7,8,NA,9,NA,NA,4,NA,6,NA,NA,NA
"79",NA,NA,8,NA,7,NA,NA,7,NA,NA,NA,4,NA,NA,8,4
"80",NA,8,NA,7,NA,8,6,NA,6,NA,NA,NA,6,NA,NA,NA
"81",NA,NA,NA,NA,6,NA,NA,NA,NA,NA,8,4,8,3,NA,8
"82",NA,NA,6,NA,NA,NA,NA,NA,NA,NA,4,2,NA,4,7,4
"83",NA,9,NA,NA,NA,NA,NA,NA,4,8,NA,6,7,NA,NA,7
"84",NA,NA,NA,6,NA,NA,NA,NA,4,8,NA,7,NA,4,4,NA
"85",3,NA,8,NA,6,NA,NA,NA,NA,NA,NA,4,3,NA,NA,8
"86",5,6,4,2,NA,NA,NA,NA,4,NA,NA,5,NA,NA,NA,NA
"87",NA,3,NA,NA,5,NA,NA,NA,4,NA,3,7,NA,NA,NA,4
"88",NA,NA,8,NA,NA,6,6,NA,8,NA,NA,5,NA,NA,7,NA
"89",NA,8,NA,NA,6,7,7,8,6,NA,NA,NA,NA,NA,NA,NA
"90",NA,NA,NA,NA,NA,7,4,NA,9,NA,9,NA,NA,9,NA,8
"91",NA,4,NA,NA,NA,8,NA,NA,NA,7,NA,NA,NA,8,7,9
"92",8,NA,9,8,NA,NA,NA,9,NA,NA,NA,9,NA,6,NA,NA
"93",NA,NA,NA,7,NA,NA,8,9,NA,NA,3,NA,1,7,NA,NA
"94",NA,NA,NA,NA,7,8,NA,NA,6,8,NA,NA,7,NA,NA,8
"95",NA,NA,NA,7,NA,NA,NA,NA,7,NA,6,8,NA,3,4,NA
"96",NA,NA,NA,NA,NA,NA,5,NA,7,5,NA,5,4,NA,8,NA
"97",NA,8,NA,NA,NA,NA,7,NA,6,8,NA,7,NA,8,NA,NA
"98",NA,NA,NA,7,NA,NA,3,7,NA,NA,NA,5,NA,8,5,NA
"99",NA,9,NA,5,NA,NA,5,9,NA,NA,3,NA,NA,NA,6,NA
"100",NA,NA,NA,7,4,NA,NA,8,NA,8,NA,4,4,NA,NA,NA
"101",6,NA,NA,NA,NA,NA,8,NA,NA,NA,2,NA,NA,6,4,4
"102",7,7,NA,NA,NA,NA,8,8,NA,NA,2,NA,NA,4,NA,NA
"103",NA,NA,NA,2,NA,NA,NA,NA,7,NA,6,3,NA,7,NA,2
"104",NA,8,NA,NA,NA,NA,NA,NA,NA,5,NA,6,6,NA,8,6
"105",NA,NA,7,9,NA,NA,9,8,2,NA,NA,NA,3,NA,NA,NA
"106",NA,7,NA,NA,5,NA,NA,8,NA,6,NA,NA,3,NA,NA,4
"107",NA,NA,6,NA,7,NA,NA,3,5,NA,NA,7,NA,NA,NA,4
"108",7,NA,NA,NA,3,NA,NA,NA,NA,7,8,3,NA,NA,2,NA
"109",NA,NA,NA,8,9,NA,NA,6,NA,NA,2,5,NA,NA,4,NA
"110",NA,2,NA,NA,4,7,NA,NA,NA,NA,NA,1,2,NA,NA,6
"111",NA,8,NA,NA,8,7,NA,NA,NA,NA,NA,8,NA,4,NA,6
"112",NA,2,NA,NA,9,NA,NA,7,NA,4,NA,3,7,NA,NA,NA
"113",6,8,7,5,NA,NA,NA,NA,NA,NA,9,NA,NA,NA,9,NA
"114",NA,NA,8,6,NA,NA,8,NA,NA,NA,NA,6,NA,7,9,NA
"115",NA,NA,NA,NA,8,NA,NA,4,NA,2,NA,2,NA,8,NA,4
"116",NA,NA,NA,5,NA,NA,NA,NA,NA,NA,6,9,NA,8,4,6
"117",8,NA,NA,4,NA,NA,NA,6,NA,NA,7,NA,9,8,NA,NA
"118",NA,NA,8,NA,NA,NA,3,5,NA,NA,NA,NA,NA,3,6,5
"119",NA,4,9,8,NA,8,7,NA,NA,NA,NA,NA,NA,NA,7,NA
"120",NA,NA,NA,NA,5,8,NA,NA,NA,8,NA,NA,6,8,NA,6
"121",3,8,8,NA,NA,NA,NA,NA,2,NA,NA,6,NA,NA,NA,7
"122",6,NA,8,NA,NA,NA,NA,NA,6,NA,NA,8,NA,NA,5,7
"123",4,8,8,NA,7,NA,NA,NA,NA,NA,4,NA,NA,NA,NA,7
"124",9,NA,8,NA,6,NA,NA,4,6,6,NA,NA,NA,NA,NA,NA
"125",1,NA,NA,NA,NA,7,NA,NA,NA,NA,3,NA,4,NA,6,8
"126",5,NA,NA,NA,NA,7,NA,NA,NA,7,NA,NA,8,8,NA,4
"127",NA,NA,NA,NA,7,NA,NA,NA,6,7,NA,8,NA,8,NA,9
"128",NA,8,6,NA,7,7,NA,NA,NA,4,NA,NA,NA,NA,NA,5
"129",7,8,NA,NA,NA,NA,NA,6,NA,8,4,NA,4,NA,NA,NA
"130",NA,NA,8,NA,9,NA,NA,9,4,NA,NA,8,NA,NA,NA,7
"131",NA,NA,NA,NA,NA,NA,NA,8,NA,7,NA,NA,7,7,8,8
"132",7,8,NA,NA,NA,NA,NA,NA,NA,8,9,NA,9,NA,NA,8
"133",NA,NA,NA,6,NA,8,NA,8,2,8,NA,NA,NA,NA,7,NA
"134",4,NA,8,6,6,NA,NA,8,NA,NA,NA,NA,NA,NA,6,NA
"135",NA,9,NA,2,8,NA,NA,NA,NA,1,NA,7,8,NA,NA,NA
"136",2,NA,8,NA,NA,NA,NA,7,NA,NA,6,NA,NA,3,NA,7
"137",NA,NA,NA,7,NA,9,NA,8,1,8,NA,NA,NA,6,NA,NA
"138",6,NA,7,NA,8,NA,6,NA,4,NA,5,NA,NA,NA,NA,NA
"139",7,NA,9,3,8,NA,NA,NA,NA,7,NA,NA,4,NA,NA,NA
"140",6,8,NA,5,NA,NA,NA,NA,NA,7,7,NA,7,NA,NA,NA
"141",8,9,8,7,NA,7,NA,NA,4,NA,NA,NA,NA,NA,NA,NA
"142",7,NA,9,NA,NA,4,NA,NA,NA,1,NA,NA,NA,NA,2,8
"143",8,NA,NA,NA,NA,NA,NA,8,8,4,2,NA,NA,2,NA,NA
"144",NA,8,6,2,8,NA,NA,NA,8,NA,NA,1,NA,NA,NA,NA
"145",NA,NA,7,NA,NA,NA,7,NA,6,NA,NA,4,NA,6,NA,6
"146",8,7,NA,8,NA,8,NA,NA,6,9,NA,NA,NA,NA,NA,NA
"147",8,NA,NA,NA,NA,8,7,8,NA,NA,7,NA,6,NA,NA,NA
"148",7,NA,8,NA,NA,NA,NA,NA,6,NA,NA,8,NA,8,NA,6
"149",NA,NA,NA,5,NA,NA,NA,8,4,NA,8,NA,NA,6,NA,7
"150",3,7,NA,6,NA,4,NA,NA,NA,NA,4,NA,NA,NA,6,NA
"151",NA,NA,NA,NA,7,9,NA,NA,1,4,NA,NA,NA,NA,3,8
"152",NA,NA,NA,NA,5,7,NA,NA,1,6,NA,6,NA,NA,NA,6
"153",NA,NA,7,5,NA,NA,6,NA,NA,NA,NA,3,NA,6,4,NA
"154",NA,NA,NA,NA,7,7,NA,5,NA,6,NA,NA,NA,6,8,NA
"155",7,NA,3,NA,NA,NA,7,NA,6,NA,NA,6,NA,NA,NA,6
"156",6,7,7,NA,NA,6,NA,NA,NA,7,NA,NA,NA,NA,8,NA
"157",NA,NA,NA,4,NA,7,NA,NA,8,2,NA,NA,8,6,NA,NA
"158",NA,NA,NA,8,NA,6,NA,NA,3,NA,NA,7,NA,9,9,NA
"159",NA,NA,NA,NA,4,7,NA,NA,NA,8,NA,7,8,NA,6,NA
"160",7,NA,NA,2,NA,NA,NA,6,8,1,NA,NA,NA,NA,7,NA
"161",7,3,NA,NA,NA,NA,8,NA,NA,NA,8,NA,NA,4,7,NA
"162",NA,NA,9,NA,5,NA,2,8,2,NA,NA,NA,3,NA,NA,NA
"163",NA,NA,NA,NA,7,NA,NA,NA,NA,8,7,7,6,NA,4,NA
"164",NA,8,6,2,NA,NA,NA,NA,NA,NA,3,3,6,NA,NA,NA
"165",7,NA,NA,8,NA,9,NA,NA,NA,8,NA,NA,4,NA,6,NA
"166",6,3,NA,NA,NA,8,NA,NA,NA,NA,2,NA,6,NA,NA,9
"167",7,NA,9,NA,8,NA,NA,NA,NA,8,NA,NA,8,NA,NA,7
"168",NA,NA,NA,NA,6,NA,NA,NA,2,2,NA,3,6,NA,NA,7
"169",NA,NA,NA,5,NA,NA,NA,NA,7,5,NA,7,8,8,NA,NA
"170",6,NA,7,NA,5,NA,NA,5,4,6,NA,NA,NA,NA,NA,NA
"171",NA,2,NA,NA,3,NA,NA,NA,NA,NA,8,8,4,NA,NA,8
"172",NA,NA,NA,8,NA,4,NA,2,6,6,NA,NA,NA,7,NA,NA
"173",4,NA,8,NA,NA,NA,NA,NA,NA,8,NA,5,NA,5,NA,7
"174",4,NA,NA,7,NA,9,7,NA,8,NA,NA,NA,NA,6,NA,NA
"175",NA,NA,NA,5,NA,6,NA,6,6,NA,7,NA,2,NA,NA,NA
"176",6,8,NA,2,NA,NA,NA,8,NA,NA,7,NA,7,NA,NA,NA
"177",3,NA,NA,NA,NA,NA,7,2,NA,8,NA,NA,7,5,NA,NA
"178",NA,4,8,6,NA,NA,NA,NA,2,NA,6,8,NA,NA,NA,NA
"179",NA,8,NA,6,NA,NA,NA,8,NA,6,6,NA,NA,NA,7,NA
"180",NA,NA,NA,7,9,NA,NA,9,NA,NA,7,NA,2,1,NA,NA
"181",NA,NA,NA,2,8,4,NA,3,NA,NA,4,NA,NA,NA,8,NA
"182",NA,NA,NA,NA,NA,NA,6,NA,7,4,NA,2,NA,5,4,NA
"183",NA,9,NA,NA,NA,NA,7,NA,7,NA,6,8,NA,4,NA,NA
"184",NA,5,NA,NA,NA,NA,NA,NA,7,7,NA,8,8,NA,NA,6
"185",NA,NA,NA,9,NA,NA,NA,9,8,9,8,NA,NA,8,NA,NA
"186",NA,NA,7,NA,NA,NA,NA,NA,NA,7,NA,7,NA,5,7,8
"187",NA,NA,NA,7,8,NA,NA,NA,1,3,NA,3,6,NA,NA,NA
"188",NA,NA,NA,NA,NA,NA,7,NA,7,3,NA,3,NA,3,7,NA
"189",7,NA,NA,NA,NA,7,6,NA,NA,NA,3,NA,NA,1,8,NA
"190",8,9,2,NA,NA,NA,NA,6,NA,7,3,NA,NA,NA,NA,NA
"191",3,NA,NA,NA,7,NA,NA,NA,NA,4,6,NA,NA,2,NA,7
"192",7,8,NA,6,NA,NA,NA,7,NA,6,NA,NA,NA,7,NA,NA
"193",NA,NA,9,NA,7,9,NA,NA,NA,4,NA,NA,NA,9,8,NA
"194",8,8,NA,7,NA,NA,NA,7,NA,NA,3,NA,NA,8,NA,NA
"195",5,NA,8,NA,7,NA,7,NA,NA,NA,7,NA,NA,5,NA,NA
"196",NA,NA,6,NA,4,3,NA,NA,NA,2,2,NA,NA,NA,4,NA
"197",NA,4,4,6,3,NA,NA,NA,NA,NA,NA,8,NA,NA,NA,5
"198",NA,4,NA,NA,8,NA,NA,NA,6,7,NA,6,NA,NA,NA,8
"199",NA,8,NA,6,NA,NA,NA,NA,NA,NA,3,6,4,NA,NA,9
"200",NA,NA,NA,7,NA,7,6,6,5,NA,NA,NA,NA,5,NA,NA
"201",NA,6,9,9,NA,NA,NA,NA,NA,NA,NA,8,7,NA,NA,8
"202",4,NA,NA,NA,NA,7,7,7,NA,NA,7,NA,NA,4,NA,NA
"203",NA,7,NA,NA,5,8,8,NA,NA,NA,NA,7,6,NA,NA,NA
"204",4,NA,8,NA,7,NA,7,NA,2,6,NA,NA,NA,NA,NA,NA
"205",NA,9,6,NA,8,6,NA,NA,NA,NA,5,NA,NA,NA,NA,3
"206",6,NA,7,NA,NA,NA,7,3,NA,NA,NA,NA,NA,8,8,NA
"207",NA,NA,7,5,NA,NA,NA,NA,NA,NA,NA,6,NA,4,7,5
"208",NA,4,8,NA,6,NA,6,NA,NA,NA,NA,4,NA,NA,7,NA
"209",NA,NA,8,NA,4,NA,6,NA,4,NA,NA,3,NA,NA,8,NA
"210",NA,8,NA,NA,NA,NA,5,NA,NA,NA,NA,7,NA,7,7,5
"211",NA,8,9,NA,NA,7,4,NA,NA,NA,NA,NA,NA,7,NA,2
"212",NA,NA,7,NA,NA,NA,4,NA,2,NA,8,7,NA,4,NA,NA
"213",NA,NA,NA,6,8,NA,NA,NA,4,6,NA,7,7,NA,NA,NA
"214",NA,NA,7,NA,4,NA,NA,4,3,NA,NA,6,NA,NA,NA,7
"215",9,NA,NA,8,8,NA,NA,8,NA,NA,2,NA,8,NA,NA,NA
"216",NA,NA,NA,NA,7,8,NA,NA,NA,NA,NA,7,4,7,NA,7
"217",8,NA,9,3,NA,NA,NA,NA,NA,7,NA,NA,NA,7,9,NA
"218",8,NA,8,NA,NA,NA,NA,NA,NA,NA,2,NA,6,7,NA,3
"219",9,NA,7,NA,NA,5,8,NA,7,NA,NA,NA,NA,9,NA,NA
"220",6,NA,NA,NA,7,9,NA,NA,NA,NA,6,NA,7,NA,NA,7
"221",NA,NA,8,NA,6,NA,NA,NA,NA,8,NA,8,NA,NA,7,6
"222",4,8,NA,NA,NA,NA,3,3,NA,6,NA,NA,8,NA,NA,NA
"223",NA,6,5,NA,NA,NA,NA,NA,3,4,NA,6,NA,NA,NA,2
"224",NA,NA,NA,7,NA,8,NA,9,6,NA,7,NA,NA,3,NA,NA
"225",NA,NA,NA,5,NA,NA,7,NA,7,NA,NA,8,9,8,NA,NA
"226",NA,6,NA,6,NA,NA,6,NA,NA,NA,NA,7,4,NA,8,NA
"227",NA,NA,NA,NA,NA,8,6,7,5,NA,NA,NA,NA,8,9,NA
"228",7,8,8,NA,NA,NA,7,NA,NA,NA,6,NA,2,NA,NA,NA
"229",NA,NA,NA,NA,9,8,9,NA,7,4,NA,NA,NA,4,NA,NA
"230",7,7,7,NA,NA,NA,6,NA,7,NA,4,NA,NA,NA,NA,NA
"231",NA,NA,NA,3,NA,7,3,5,NA,NA,NA,NA,NA,5,8,NA
"232",NA,NA,NA,5,7,NA,NA,8,NA,NA,7,NA,9,7,NA,NA
"233",NA,NA,NA,NA,5,NA,NA,NA,NA,7,NA,7,3,NA,8,8
"234",7,NA,9,NA,NA,NA,7,8,NA,NA,8,NA,NA,NA,6,NA
"235",NA,NA,NA,5,NA,8,NA,NA,6,6,NA,NA,NA,5,NA,7
"236",NA,7,NA,2,NA,9,9,8,7,NA,NA,NA,NA,NA,NA,NA
"237",NA,NA,NA,NA,NA,8,NA,NA,6,8,NA,8,2,NA,NA,9
"238",NA,NA,NA,NA,9,NA,NA,9,NA,9,NA,8,8,NA,NA,7
"239",NA,8,NA,2,NA,NA,2,NA,8,NA,NA,6,NA,7,NA,NA
"240",NA,NA,9,6,NA,8,6,NA,NA,NA,NA,NA,NA,8,7,NA
"241",NA,4,NA,7,NA,NA,NA,6,NA,4,3,NA,2,NA,NA,NA
"242",NA,NA,NA,NA,8,6,NA,NA,2,NA,NA,8,NA,4,NA,6
"243",6,NA,8,NA,NA,7,8,NA,NA,NA,NA,NA,NA,6,6,NA
"244",NA,8,NA,NA,NA,9,8,NA,NA,NA,NA,2,NA,NA,9,4
"245",4,1,8,NA,NA,NA,7,NA,NA,NA,NA,NA,NA,NA,3,8
"246",NA,NA,NA,NA,7,8,NA,NA,4,4,NA,NA,4,NA,NA,5
"247",NA,NA,NA,4,NA,9,4,NA,NA,NA,NA,8,NA,7,7,NA
"248",NA,6,NA,7,NA,NA,NA,6,NA,NA,3,7,5,NA,NA,NA
"249",NA,NA,NA,4,NA,NA,NA,8,NA,NA,8,7,NA,7,7,NA
"250",4,8,NA,NA,NA,6,NA,NA,NA,3,2,NA,NA,NA,8,NA
"251",7,NA,NA,NA,8,NA,NA,NA,NA,9,NA,6,1,NA,2,NA
"252",4,NA,3,NA,NA,NA,7,8,2,NA,NA,NA,NA,2,NA,NA
"253",NA,9,NA,NA,7,NA,NA,NA,NA,6,4,4,NA,NA,8,NA
"254",6,NA,8,NA,6,NA,NA,NA,NA,8,NA,NA,NA,3,NA,3
"255",NA,NA,NA,NA,7,8,NA,8,NA,9,NA,NA,NA,3,8,NA
"256",NA,9,NA,5,8,7,NA,NA,NA,4,NA,NA,6,NA,NA,NA
"257",NA,NA,NA,NA,NA,NA,7,6,NA,NA,6,2,NA,3,8,NA
"258",NA,NA,NA,NA,6,8,5,7,5,8,NA,NA,NA,NA,NA,NA
"259",7,NA,8,NA,8,NA,NA,NA,NA,NA,6,NA,NA,3,NA,9
"260",NA,8,NA,NA,NA,7,5,NA,NA,NA,4,NA,NA,NA,7,6
"261",NA,4,8,NA,NA,NA,7,NA,NA,NA,NA,6,7,NA,NA,7
"262",6,8,NA,4,NA,NA,NA,NA,NA,6,2,NA,NA,3,NA,NA
"263",NA,7,NA,NA,NA,NA,4,6,6,6,NA,NA,NA,NA,NA,6
"264",NA,NA,NA,2,NA,NA,NA,7,7,NA,3,6,NA,7,NA,NA
"265",NA,NA,NA,NA,NA,NA,5,NA,NA,NA,4,6,5,NA,8,4
"266",NA,NA,8,NA,NA,NA,6,NA,NA,NA,NA,4,NA,2,3,6
"267",4,2,NA,NA,NA,NA,6,NA,NA,NA,4,4,3,NA,NA,NA
"268",NA,NA,7,NA,7,NA,2,2,2,NA,6,NA,NA,NA,NA,NA
"269",NA,NA,8,NA,7,NA,NA,NA,NA,8,NA,7,5,NA,NA,7
"270",NA,NA,NA,4,8,NA,NA,7,7,8,NA,NA,NA,7,NA,NA
"271",2,NA,7,5,NA,NA,NA,4,NA,NA,NA,NA,NA,3,8,NA
"272",NA,NA,NA,6,7,NA,NA,4,8,2,NA,NA,6,NA,NA,NA
"273",NA,NA,NA,NA,NA,NA,6,NA,7,NA,5,9,9,NA,NA,6
"274",NA,NA,NA,6,NA,8,NA,8,6,NA,NA,NA,NA,8,NA,6
"275",8,9,8,NA,NA,NA,6,NA,NA,NA,2,NA,3,NA,NA,NA
"276",NA,NA,NA,6,NA,NA,6,NA,3,NA,NA,4,NA,4,8,NA
"277",2,NA,4,NA,5,NA,NA,6,2,NA,NA,NA,NA,NA,NA,7
"278",3,NA,8,NA,7,6,4,4,NA,NA,NA,NA,NA,NA,NA,NA
"279",NA,NA,NA,NA,7,7,NA,NA,NA,5,NA,4,7,NA,7,NA
"280",NA,NA,NA,NA,NA,NA,2,7,NA,NA,2,NA,2,NA,6,3
"281",7,NA,6,NA,6,NA,6,NA,NA,NA,5,NA,NA,NA,8,NA
"282",NA,NA,NA,4,NA,NA,6,7,4,4,NA,NA,NA,5,NA,NA
"283",NA,7,NA,2,NA,NA,NA,8,NA,NA,4,NA,3,NA,NA,6
"284",NA,NA,NA,NA,NA,7,6,6,4,NA,NA,NA,NA,6,8,NA
"285",5,NA,7,NA,NA,8,NA,NA,3,NA,NA,NA,NA,NA,5,8
"286",NA,NA,NA,NA,7,9,NA,NA,8,9,7,NA,4,NA,NA,NA
"287",NA,NA,NA,8,NA,9,8,NA,NA,NA,9,NA,NA,6,8,NA
"288",3,7,NA,NA,NA,8,3,NA,NA,NA,8,NA,8,NA,NA,NA
"289",NA,NA,NA,NA,NA,NA,5,7,5,7,NA,NA,4,NA,6,NA
"290",NA,9,4,4,NA,NA,NA,NA,NA,NA,7,6,NA,NA,7,NA
"291",NA,8,9,NA,NA,NA,NA,NA,NA,NA,5,8,NA,NA,9,6
"292",NA,NA,6,NA,4,NA,5,NA,5,NA,NA,7,NA,NA,NA,3
"293",NA,NA,NA,NA,NA,8,5,7,NA,6,NA,NA,NA,7,6,NA
"294",8,NA,NA,NA,NA,NA,7,5,NA,4,NA,NA,2,7,NA,NA
"295",6,NA,8,8,5,NA,NA,6,NA,NA,NA,8,NA,NA,NA,NA
"296",NA,NA,NA,NA,8,NA,7,NA,6,NA,2,2,2,NA,NA,NA
"297",8,2,9,NA,NA,NA,NA,NA,7,2,NA,NA,NA,NA,NA,7
"298",6,NA,NA,NA,7,7,8,NA,NA,4,NA,NA,NA,NA,7,NA
"299",NA,7,6,NA,NA,NA,NA,NA,6,2,NA,4,NA,NA,NA,3
"300",NA,NA,9,NA,7,NA,7,8,NA,NA,NA,8,NA,NA,8,NA
"301",NA,NA,NA,3,6,NA,NA,NA,7,8,NA,6,3,NA,NA,NA
"302",NA,NA,NA,4,8,NA,NA,4,NA,8,NA,NA,4,NA,3,NA
"303",NA,6,NA,NA,7,NA,NA,NA,NA,NA,4,6,6,NA,NA,5
"304",NA,2,NA,7,8,9,NA,NA,NA,NA,1,NA,2,NA,NA,NA
"305",NA,NA,NA,8,NA,NA,NA,8,NA,NA,7,NA,6,7,7,NA
"306",7,6,4,NA,9,NA,NA,NA,NA,NA,3,NA,NA,NA,NA,4
"307",NA,NA,NA,5,6,NA,7,7,NA,NA,6,NA,2,NA,NA,NA
"308",8,NA,9,4,NA,NA,NA,NA,NA,NA,NA,8,NA,6,7,NA
"309",7,NA,7,NA,NA,NA,6,7,2,NA,NA,NA,NA,NA,5,NA
"310",7,NA,7,NA,NA,NA,NA,NA,3,4,NA,NA,NA,4,NA,3
"311",4,7,8,NA,3,NA,NA,NA,NA,NA,NA,7,NA,NA,NA,8
"312",NA,NA,NA,NA,7,5,5,NA,4,NA,4,NA,NA,NA,6,NA
"313",NA,4,8,NA,7,NA,NA,NA,NA,NA,7,6,NA,NA,3,NA
"314",8,7,9,5,NA,NA,NA,NA,NA,NA,8,NA,2,NA,NA,NA
"315",NA,8,7,6,6,NA,NA,NA,8,NA,NA,7,NA,NA,NA,NA
"316",8,4,6,NA,NA,NA,NA,NA,NA,2,7,NA,3,NA,NA,NA
"317",NA,7,NA,8,NA,NA,NA,NA,NA,NA,6,8,6,NA,NA,8
"318",NA,NA,NA,NA,3,8,6,8,NA,NA,NA,NA,NA,3,4,NA
"319",NA,NA,NA,6,5,NA,NA,7,3,6,NA,NA,4,NA,NA,NA
"320",NA,NA,NA,NA,7,7,NA,8,NA,NA,6,NA,4,NA,NA,6
"321",NA,9,7,NA,NA,NA,3,NA,1,NA,1,7,NA,NA,NA,NA
"322",NA,9,NA,8,NA,NA,NA,NA,7,NA,4,8,9,NA,NA,NA
"323",7,9,NA,NA,NA,NA,7,NA,NA,NA,7,NA,9,NA,NA,9
"324",NA,NA,NA,4,8,8,8,NA,8,NA,NA,NA,6,NA,NA,NA
"325",8,NA,NA,NA,8,NA,NA,NA,NA,8,NA,NA,7,NA,9,6
"326",NA,7,NA,NA,7,8,NA,8,NA,3,NA,NA,6,NA,NA,NA
"327",8,NA,NA,NA,NA,9,NA,NA,NA,NA,7,NA,NA,2,9,9
"328",NA,NA,8,NA,2,NA,NA,5,NA,NA,3,2,NA,NA,7,NA
"329",4,NA,NA,6,NA,NA,NA,NA,NA,NA,6,NA,7,8,NA,7
"330",3,NA,6,NA,NA,6,5,NA,4,NA,NA,NA,NA,4,NA,NA
"331",NA,7,8,NA,NA,NA,4,4,7,NA,NA,NA,NA,NA,7,NA
"332",8,8,8,NA,NA,NA,NA,NA,NA,NA,NA,9,NA,NA,9,7
"333",6,7,NA,NA,6,8,NA,NA,NA,4,NA,NA,NA,NA,8,NA
"334",8,NA,NA,6,NA,NA,NA,8,9,7,NA,NA,NA,8,NA,NA
"335",6,2,9,NA,NA,NA,9,NA,NA,9,NA,NA,4,NA,NA,NA
"336",NA,NA,9,NA,6,NA,NA,7,NA,NA,8,6,NA,NA,9,NA
"337",NA,NA,NA,6,NA,9,7,NA,8,NA,7,NA,NA,4,NA,NA
"338",7,NA,NA,5,NA,7,NA,NA,NA,7,NA,NA,NA,7,5,NA
"339",NA,NA,NA,7,NA,NA,NA,NA,NA,NA,3,8,7,3,6,NA
"340",NA,7,NA,NA,NA,NA,8,NA,NA,NA,7,9,NA,5,7,NA
"341",NA,NA,7,NA,NA,NA,7,3,4,NA,NA,NA,NA,NA,4,7
"342",NA,NA,8,NA,NA,NA,NA,NA,NA,4,NA,7,8,NA,5,6
"343",6,8,NA,6,NA,7,NA,NA,NA,NA,7,NA,9,NA,NA,NA
"344",NA,NA,7,NA,7,NA,7,7,NA,NA,NA,NA,NA,8,8,NA
"345",NA,2,NA,NA,NA,NA,NA,NA,NA,7,7,4,NA,3,NA,3
"346",NA,NA,NA,6,NA,7,NA,NA,7,NA,NA,3,NA,6,NA,7
"347",7,NA,NA,NA,NA,7,NA,NA,6,7,NA,NA,NA,6,NA,3
"348",NA,NA,4,NA,6,NA,6,9,2,NA,NA,NA,NA,NA,5,NA
"349",NA,NA,NA,8,NA,8,8,4,6,NA,NA,NA,NA,6,NA,NA
"350",NA,4,NA,8,NA,NA,NA,NA,NA,NA,4,7,6,NA,NA,7
"351",4,NA,5,NA,4,NA,3,7,NA,NA,NA,NA,NA,NA,7,NA
"352",NA,4,NA,NA,6,NA,NA,NA,NA,NA,7,8,3,NA,NA,9
"353",NA,7,NA,NA,NA,NA,NA,NA,7,5,NA,7,8,NA,NA,5
"354",NA,9,NA,6,NA,NA,NA,NA,NA,NA,2,8,NA,NA,7,6
"355",7,NA,NA,NA,NA,8,NA,NA,NA,7,NA,NA,NA,6,6,7
"356",NA,NA,NA,NA,8,NA,NA,7,NA,7,NA,6,NA,NA,8,7
"357",NA,3,8,NA,7,NA,NA,NA,NA,8,NA,7,NA,NA,7,NA
"358",8,NA,NA,NA,8,7,6,8,NA,NA,7,NA,NA,NA,NA,NA
"359",NA,7,7,3,NA,NA,NA,NA,NA,NA,6,4,NA,2,NA,NA
"360",NA,8,NA,5,8,NA,NA,NA,NA,NA,2,7,4,NA,NA,NA
"361",2,8,NA,7,8,NA,NA,NA,NA,2,NA,NA,4,NA,NA,NA
"362",3,NA,8,NA,NA,NA,NA,7,5,NA,NA,NA,NA,8,NA,4
"363",NA,NA,NA,NA,NA,NA,NA,8,4,7,NA,8,5,NA,NA,8
"364",NA,NA,NA,NA,3,8,NA,NA,NA,NA,NA,8,1,NA,3,7
"365",NA,7,NA,6,NA,NA,NA,NA,4,7,NA,7,4,NA,NA,NA
"366",NA,4,8,7,NA,NA,NA,4,NA,8,NA,NA,NA,6,NA,NA
"367",NA,NA,NA,NA,8,NA,NA,NA,NA,NA,3,5,8,NA,7,4
"368",7,7,NA,8,NA,9,NA,NA,NA,NA,4,NA,6,NA,NA,NA
"369",NA,NA,8,NA,8,NA,3,5,NA,3,NA,NA,6,NA,NA,NA
"370",2,NA,NA,NA,7,3,NA,NA,6,4,NA,NA,8,NA,NA,NA
"371",4,8,NA,5,NA,NA,NA,7,NA,NA,6,NA,NA,NA,7,NA
"372",NA,NA,NA,NA,4,6,3,7,NA,NA,8,NA,NA,4,NA,NA
"373",NA,NA,NA,2,NA,NA,NA,NA,3,NA,NA,5,7,7,NA,4
"374",4,NA,7,NA,NA,NA,NA,NA,NA,7,NA,NA,NA,5,5,2
"375",6,6,NA,NA,8,7,NA,7,NA,NA,7,NA,NA,NA,NA,NA
"376",6,NA,9,NA,NA,NA,6,NA,NA,8,NA,NA,NA,4,8,NA
"377",NA,NA,NA,6,5,8,NA,NA,3,4,NA,NA,NA,NA,8,NA
"378",7,NA,8,NA,NA,NA,6,NA,8,NA,NA,7,NA,NA,8,NA
"379",7,NA,8,NA,7,NA,NA,NA,NA,NA,6,NA,NA,7,NA,7
"380",6,NA,4,2,8,NA,NA,2,4,NA,NA,NA,NA,NA,NA,NA
"381",8,4,6,NA,NA,NA,NA,NA,NA,2,3,7,NA,NA,NA,NA
"382",6,7,6,NA,NA,NA,4,8,7,NA,NA,NA,NA,NA,NA,NA
"383",NA,4,NA,NA,NA,7,7,NA,NA,NA,4,7,4,NA,NA,NA
"384",NA,9,NA,NA,NA,8,NA,NA,8,5,NA,NA,9,NA,NA,5
"385",NA,9,9,NA,7,NA,7,8,NA,NA,4,NA,NA,NA,NA,NA
"386",NA,NA,NA,NA,NA,NA,7,NA,NA,8,8,8,6,NA,4,NA
"387",NA,9,3,NA,8,NA,NA,NA,NA,5,NA,4,6,NA,NA,NA
"388",9,NA,NA,NA,5,NA,NA,5,NA,8,2,NA,9,NA,NA,NA
"389",NA,7,NA,NA,7,NA,NA,NA,NA,NA,6,8,3,NA,NA,9
"390",NA,NA,NA,5,3,4,NA,NA,NA,2,NA,NA,NA,1,7,NA
"391",5,NA,NA,NA,NA,7,NA,NA,NA,7,8,NA,NA,9,8,NA
"392",NA,9,NA,7,NA,9,6,NA,6,NA,NA,NA,8,NA,NA,NA
"393",NA,NA,4,6,NA,NA,7,8,6,NA,NA,NA,NA,6,NA,NA
"394",NA,NA,NA,8,NA,8,6,9,6,NA,NA,NA,NA,7,NA,NA
"395",NA,NA,NA,NA,6,NA,3,8,NA,2,NA,5,2,NA,NA,NA
"396",NA,NA,NA,6,NA,8,NA,NA,2,6,4,NA,4,NA,NA,NA
"397",7,NA,6,NA,NA,7,NA,7,4,NA,NA,NA,NA,NA,NA,7
"398",7,NA,NA,8,NA,6,NA,NA,NA,8,NA,NA,NA,4,6,NA
"399",NA,7,NA,NA,7,NA,NA,NA,NA,4,NA,4,8,NA,NA,7
"400",NA,8,NA,8,NA,8,NA,NA,6,7,NA,NA,7,NA,NA,NA
"401",NA,NA,NA,5,8,8,NA,NA,NA,NA,NA,NA,NA,7,7,5
"402",NA,NA,NA,NA,6,5,8,5,NA,NA,NA,8,NA,NA,7,NA
"403",NA,NA,3,NA,3,NA,7,NA,NA,NA,NA,2,NA,NA,4,7
"404",NA,NA,NA,7,NA,8,4,8,6,NA,NA,NA,NA,3,NA,NA
"405",NA,NA,NA,NA,NA,8,6,NA,6,NA,NA,NA,7,7,NA,3
"406",8,NA,NA,NA,NA,9,NA,NA,NA,9,NA,NA,NA,8,4,8
"407",7,6,8,6,NA,NA,NA,NA,NA,6,NA,NA,NA,4,NA,NA
"408",8,2,NA,NA,NA,NA,8,8,NA,NA,7,NA,2,NA,NA,NA
"409",NA,7,NA,NA,NA,9,NA,NA,3,7,NA,8,3,NA,NA,NA
"410",NA,7,NA,8,NA,NA,6,NA,NA,NA,8,9,4,NA,NA,NA
"411",NA,8,NA,6,8,7,NA,NA,NA,NA,6,NA,NA,NA,7,NA
"412",NA,7,8,NA,5,NA,NA,7,NA,NA,NA,8,NA,NA,NA,7
"413",NA,NA,8,7,NA,NA,NA,8,6,NA,4,NA,NA,6,NA,NA
"414",7,NA,8,3,NA,NA,NA,4,NA,NA,6,NA,7,NA,NA,NA
"415",2,NA,8,9,NA,NA,NA,NA,NA,NA,7,NA,NA,1,7,NA
"416",NA,8,NA,5,NA,6,NA,NA,NA,NA,3,NA,NA,NA,7,5
"417",NA,NA,6,NA,2,NA,NA,6,1,NA,NA,7,NA,NA,NA,4
"418",8,7,7,5,NA,NA,NA,2,NA,NA,NA,NA,NA,7,NA,NA
"419",2,NA,8,5,4,NA,NA,NA,NA,4,NA,NA,NA,NA,8,NA
"420",6,8,8,4,NA,NA,NA,1,NA,NA,NA,NA,NA,7,NA,NA
"421",8,4,8,NA,NA,NA,4,NA,NA,NA,8,7,NA,NA,NA,NA
"422",NA,NA,NA,8,NA,9,NA,9,7,7,NA,NA,NA,NA,4,NA
"423",6,NA,8,NA,NA,8,NA,NA,7,NA,NA,NA,NA,9,NA,4
"424",8,NA,7,NA,NA,NA,8,4,6,NA,NA,NA,NA,NA,NA,8
"425",NA,NA,NA,NA,8,6,6,NA,NA,4,NA,NA,9,NA,9,NA
"426",7,NA,9,NA,NA,NA,3,NA,1,NA,NA,NA,NA,7,NA,8
"427",NA,7,NA,NA,NA,8,2,NA,NA,NA,2,NA,NA,NA,8,6
"428",NA,NA,8,6,NA,7,NA,NA,NA,NA,6,NA,NA,7,8,NA
"429",NA,8,2,4,NA,NA,NA,NA,NA,NA,NA,7,NA,NA,6,3
"430",NA,1,NA,NA,NA,NA,NA,NA,NA,6,2,6,4,NA,NA,5
"431",4,6,NA,NA,NA,NA,NA,NA,NA,8,8,6,3,NA,NA,NA
"432",NA,8,NA,6,NA,7,NA,NA,2,NA,NA,3,NA,NA,NA,7
"433",NA,NA,6,NA,NA,NA,6,8,9,NA,NA,NA,NA,2,NA,6
"434",NA,NA,NA,4,NA,8,NA,NA,6,NA,NA,4,7,NA,NA,6
"435",NA,NA,NA,4,NA,8,NA,2,NA,NA,3,NA,NA,4,9,NA
"436",NA,NA,3,NA,4,NA,4,4,NA,NA,NA,3,NA,NA,2,NA
"437",7,8,NA,NA,NA,NA,6,8,NA,6,NA,NA,6,NA,NA,NA
"438",3,NA,6,NA,NA,NA,NA,7,NA,3,NA,NA,NA,2,7,NA
"439",NA,NA,7,NA,5,7,5,NA,NA,NA,NA,NA,7,NA,NA,6
"440",NA,NA,NA,NA,7,NA,NA,NA,NA,3,NA,3,NA,6,8,3
"441",NA,9,NA,3,NA,8,3,NA,NA,NA,NA,NA,NA,7,9,NA
"442",NA,8,NA,2,NA,NA,2,NA,7,NA,4,2,NA,NA,NA,NA
"443",NA,6,NA,6,7,NA,NA,NA,NA,8,NA,3,NA,NA,6,NA
"444",NA,NA,8,NA,NA,8,5,NA,4,NA,NA,NA,NA,NA,6,6
"445",NA,8,NA,NA,NA,NA,NA,8,NA,6,NA,6,NA,NA,7,7
"446",NA,9,NA,NA,NA,NA,5,7,7,6,NA,NA,8,NA,NA,NA
"447",3,NA,NA,6,NA,NA,NA,7,NA,NA,4,NA,3,2,NA,NA
"448",7,3,9,NA,8,9,NA,NA,NA,7,NA,NA,NA,NA,NA,NA
"449",NA,1,NA,7,NA,NA,NA,8,NA,8,4,NA,NA,2,NA,NA
"450",NA,9,NA,NA,NA,8,5,NA,NA,NA,NA,7,NA,7,8,NA
"451",NA,NA,NA,3,8,8,NA,NA,3,6,NA,NA,7,NA,NA,NA
"452",NA,NA,NA,3,NA,2,NA,NA,7,NA,NA,2,NA,8,6,NA
"453",NA,NA,NA,4,NA,8,NA,6,NA,NA,3,NA,4,4,NA,NA
"454",NA,NA,9,7,NA,NA,NA,8,4,6,NA,NA,NA,NA,8,NA
"455",NA,NA,NA,8,NA,NA,NA,9,6,8,8,NA,7,NA,NA,NA
"456",NA,NA,NA,6,8,7,NA,7,2,NA,NA,NA,NA,3,NA,NA
"457",NA,8,NA,NA,NA,NA,5,NA,NA,5,6,7,4,NA,NA,NA
"458",NA,8,NA,5,NA,NA,NA,NA,7,6,NA,5,NA,NA,NA,5
"459",NA,NA,NA,NA,NA,NA,6,NA,1,NA,NA,2,NA,7,8,4
"460",NA,NA,9,NA,6,9,8,8,5,NA,NA,NA,NA,NA,NA,NA
"461",NA,NA,8,NA,7,NA,NA,7,4,6,6,NA,NA,NA,NA,NA
"462",NA,NA,NA,9,6,6,NA,5,NA,NA,6,NA,3,NA,NA,NA
"463",6,6,8,NA,NA,NA,7,NA,5,NA,NA,NA,NA,NA,NA,6
"464",4,NA,NA,NA,8,NA,5,7,NA,NA,3,NA,2,NA,NA,NA
"465",NA,3,NA,6,NA,NA,NA,NA,NA,NA,8,6,3,NA,NA,7
"466",NA,NA,NA,6,2,NA,NA,7,3,NA,4,NA,NA,5,NA,NA
"467",NA,NA,NA,NA,8,8,7,8,NA,6,NA,NA,NA,4,NA,NA
"468",6,NA,NA,NA,NA,6,NA,NA,NA,NA,NA,6,NA,4,4,6
"469",5,NA,NA,NA,8,9,NA,NA,NA,NA,7,NA,8,NA,NA,8
"470",NA,2,NA,NA,8,NA,NA,NA,NA,8,2,3,7,NA,NA,NA
"471",9,NA,9,7,NA,NA,NA,NA,NA,NA,8,NA,7,NA,9,NA
"472",2,NA,NA,8,NA,NA,NA,NA,4,8,7,NA,4,NA,NA,NA
"473",NA,NA,NA,NA,6,NA,6,NA,6,5,NA,4,3,NA,NA,NA
"474",4,3,9,NA,NA,NA,NA,NA,NA,9,NA,8,NA,NA,8,NA
"475",4,NA,7,6,NA,6,NA,NA,3,NA,NA,NA,NA,NA,7,NA
"476",NA,8,NA,7,NA,NA,NA,NA,NA,NA,3,2,5,NA,NA,8
"477",7,NA,6,NA,NA,4,5,NA,2,NA,NA,NA,NA,NA,7,NA
"478",NA,NA,NA,NA,4,NA,7,7,NA,8,NA,NA,6,NA,8,NA
"479",NA,2,NA,NA,NA,9,3,NA,6,NA,NA,NA,NA,6,NA,9
"480",6,NA,NA,3,NA,8,NA,NA,4,NA,NA,NA,NA,6,NA,8
"481",NA,NA,2,NA,NA,2,6,NA,7,NA,NA,NA,NA,7,2,NA
"482",3,9,NA,NA,NA,NA,7,8,NA,NA,4,NA,3,NA,NA,NA
"483",3,NA,NA,2,NA,NA,NA,4,NA,NA,4,NA,6,8,NA,NA
"484",NA,NA,NA,NA,4,NA,5,4,NA,4,4,NA,8,NA,NA,NA
"485",NA,NA,7,NA,NA,8,7,NA,4,NA,6,NA,NA,NA,4,NA
"486",NA,6,NA,NA,8,5,8,7,NA,NA,4,NA,NA,NA,NA,NA
"487",NA,NA,9,NA,9,NA,NA,NA,9,6,NA,7,NA,NA,NA,9
"488",NA,8,NA,6,NA,NA,NA,NA,4,NA,NA,4,7,NA,NA,4
"489",NA,7,NA,NA,6,8,NA,NA,2,9,NA,NA,NA,NA,NA,7
"490",8,NA,NA,NA,NA,NA,7,8,NA,NA,4,NA,6,NA,8,NA
"491",4,6,NA,NA,NA,7,NA,NA,NA,NA,4,NA,3,NA,NA,7
"492",2,NA,7,NA,NA,NA,8,NA,7,NA,NA,4,NA,NA,NA,8
"493",NA,7,NA,6,NA,8,NA,NA,6,NA,NA,NA,6,NA,NA,3
"494",NA,NA,NA,NA,7,9,7,9,7,NA,NA,7,NA,NA,NA,NA
"495",2,NA,NA,4,NA,6,4,NA,NA,NA,NA,NA,NA,1,8,NA
"496",NA,NA,NA,NA,5,7,NA,NA,4,NA,NA,5,4,NA,NA,6
"497",NA,8,NA,NA,7,NA,5,NA,NA,6,NA,5,6,NA,NA,NA
"498",NA,8,NA,NA,NA,8,NA,NA,NA,3,NA,NA,NA,3,9,9
"499",NA,NA,NA,NA,NA,7,NA,7,2,1,NA,NA,7,NA,NA,7
"500",2,NA,2,NA,9,8,NA,NA,NA,9,NA,NA,NA,NA,1,NA
"501",NA,NA,7,NA,8,NA,2,NA,NA,6,NA,5,7,NA,NA,NA
"502",NA,NA,7,NA,7,8,8,NA,6,NA,NA,NA,NA,NA,7,NA
"503",6,9,8,6,NA,9,NA,NA,NA,NA,NA,NA,NA,NA,8,NA
"504",NA,NA,NA,NA,7,NA,NA,NA,6,2,NA,5,4,NA,NA,6
"505",6,NA,NA,NA,7,NA,4,NA,NA,4,NA,NA,8,7,NA,NA
"506",8,NA,7,NA,NA,NA,NA,9,8,9,NA,NA,NA,NA,4,NA
"507",2,NA,NA,NA,NA,4,NA,NA,NA,3,NA,NA,NA,4,6,3
"508",NA,NA,9,NA,NA,8,4,9,7,NA,NA,NA,NA,7,NA,NA
"509",NA,8,NA,NA,6,NA,6,NA,NA,NA,7,8,NA,NA,NA,4
"510",9,4,8,8,NA,NA,NA,NA,NA,NA,NA,8,NA,NA,4,NA
"511",NA,NA,8,4,NA,NA,7,6,4,NA,NA,NA,3,NA,NA,NA
"512",5,NA,7,NA,NA,8,3,NA,NA,NA,6,NA,7,NA,NA,NA
"513",NA,NA,NA,6,NA,NA,7,8,NA,NA,6,NA,4,3,NA,NA
"514",5,NA,4,2,7,NA,NA,NA,7,3,NA,NA,NA,NA,NA,NA
"515",6,6,7,NA,NA,NA,NA,NA,NA,8,NA,NA,NA,NA,7,6
"516",8,NA,NA,NA,NA,8,NA,NA,NA,6,7,NA,NA,9,9,NA
"517",NA,8,NA,NA,7,NA,NA,NA,NA,NA,9,9,NA,NA,7,8
"518",6,NA,8,NA,8,NA,8,NA,6,NA,NA,NA,NA,NA,NA,7
"519",NA,NA,NA,NA,NA,5,2,4,NA,NA,6,NA,8,NA,7,NA
"520",8,NA,NA,NA,NA,NA,NA,9,NA,NA,9,NA,8,9,NA,7
"521",NA,NA,NA,NA,8,7,NA,NA,4,8,9,NA,NA,NA,7,NA
"522",NA,NA,NA,8,NA,NA,NA,7,NA,7,3,NA,2,4,NA,NA
"523",7,8,NA,6,NA,8,NA,NA,NA,NA,NA,NA,NA,6,NA,7
"524",NA,NA,4,NA,NA,NA,NA,NA,7,3,NA,8,9,NA,NA,5
"525",7,8,NA,NA,NA,NA,6,NA,NA,NA,3,NA,NA,NA,7,7
"526",3,NA,1,2,2,NA,5,NA,NA,NA,NA,NA,NA,NA,3,NA
"527",NA,NA,NA,NA,7,8,NA,7,NA,6,NA,NA,NA,7,NA,5
"528",NA,9,NA,3,NA,7,3,NA,NA,NA,NA,NA,NA,8,9,NA
"529",2,NA,3,7,NA,8,NA,NA,6,NA,NA,NA,NA,NA,7,NA
"530",NA,7,NA,4,NA,NA,NA,8,NA,7,2,NA,3,NA,NA,NA
"531",NA,5,NA,7,NA,NA,NA,NA,NA,NA,4,6,5,NA,NA,9
"532",NA,NA,NA,7,7,NA,NA,NA,NA,6,NA,4,NA,8,4,NA
"533",NA,9,NA,NA,NA,8,6,7,NA,NA,NA,NA,NA,NA,8,4
"534",NA,9,8,6,NA,NA,7,8,7,NA,NA,NA,NA,NA,NA,NA
"535",NA,7,NA,NA,2,NA,NA,NA,NA,NA,8,1,2,NA,NA,7
"536",NA,3,NA,NA,6,6,2,NA,NA,NA,7,NA,8,NA,NA,NA
"537",NA,NA,NA,NA,4,NA,7,6,NA,NA,3,6,6,NA,NA,NA
"538",6,NA,8,NA,5,NA,7,9,3,NA,NA,NA,NA,NA,NA,NA
"539",NA,NA,8,NA,8,NA,6,7,5,NA,NA,NA,NA,NA,7,NA
"540",NA,7,8,7,NA,NA,NA,9,NA,NA,NA,7,NA,NA,9,NA
"541",NA,NA,NA,NA,NA,8,6,8,1,NA,2,NA,NA,2,NA,NA
"542",5,9,NA,NA,NA,7,NA,NA,NA,NA,2,NA,NA,4,NA,7
"543",8,NA,NA,NA,NA,NA,4,8,NA,7,NA,NA,5,6,NA,NA
"544",NA,7,NA,NA,NA,NA,3,NA,NA,NA,NA,6,6,NA,6,4
"545",NA,NA,7,7,NA,8,NA,NA,NA,NA,NA,NA,NA,7,8,6
"546",NA,5,NA,NA,NA,8,9,4,NA,NA,NA,NA,NA,7,7,NA
"547",NA,NA,7,8,NA,NA,NA,9,NA,NA,NA,7,NA,8,9,NA
"548",6,NA,7,NA,6,NA,4,3,7,NA,NA,NA,NA,NA,NA,NA
"549",6,9,NA,NA,NA,NA,NA,NA,NA,NA,7,1,7,NA,NA,1
"550",NA,NA,8,4,NA,NA,NA,7,3,4,NA,NA,NA,7,NA,NA
"551",NA,NA,6,7,NA,NA,NA,NA,NA,4,NA,6,NA,5,7,NA
"552",7,NA,NA,NA,NA,NA,6,8,NA,NA,7,NA,9,9,NA,NA
"553",4,NA,9,NA,8,NA,6,8,NA,NA,NA,2,NA,NA,NA,NA
"554",NA,NA,6,7,NA,NA,NA,8,7,NA,NA,6,NA,6,NA,NA
"555",NA,3,NA,NA,2,7,NA,NA,NA,8,NA,4,4,NA,NA,NA
"556",NA,NA,NA,NA,7,8,5,7,NA,7,NA,NA,NA,NA,7,NA
"557",NA,NA,NA,NA,2,8,5,7,2,NA,NA,NA,3,NA,NA,NA
"558",NA,NA,4,NA,8,2,4,NA,NA,NA,1,NA,7,NA,NA,NA
"559",NA,NA,7,NA,9,NA,8,8,7,NA,NA,6,NA,NA,NA,NA
"560",8,7,NA,8,NA,9,NA,NA,4,NA,NA,NA,NA,NA,NA,7
"561",2,NA,9,6,NA,NA,NA,7,2,NA,NA,NA,NA,1,NA,NA
"562",4,NA,7,4,NA,NA,NA,8,NA,NA,7,NA,4,NA,NA,NA
"563",6,8,7,NA,NA,NA,NA,NA,NA,4,NA,NA,NA,NA,7,4
"564",NA,3,NA,6,NA,8,NA,NA,NA,NA,3,NA,NA,NA,6,4
"565",6,NA,6,NA,7,NA,8,NA,3,NA,6,NA,NA,NA,NA,NA
"566",NA,4,NA,NA,4,9,9,4,NA,NA,NA,NA,2,NA,NA,NA
"567",NA,NA,8,NA,NA,NA,6,7,NA,7,NA,NA,8,NA,7,NA
"568",NA,NA,8,3,NA,NA,NA,NA,3,NA,NA,2,NA,6,NA,6
"569",3,NA,8,NA,NA,NA,NA,6,NA,8,NA,NA,4,NA,NA,8
"570",NA,NA,NA,8,NA,8,NA,NA,6,NA,NA,NA,7,3,NA,8
